StudyPoleTag,PoleTag,PoleNumber,Assembly,AssemblyHeight,ConductorType,ConductorName,Height,DesignTension,Tension
01243,22350,0,C2.21,0.0,ACSR,Raven,33.583333333333336,0.5,
01243,22350,1,C2.21,0.0,ACSR,Raven,34.75,0.5,
01243,22350,2,C2.21,0.0,ACSR,Raven,33.583333333333336,0.5,
01243,22350,3,C2.21,0.0,ACSR,Raven,30.5,0.5,
01243,22369,0,C2.21,0.0,ACSR,Raven,33.583333333333336,0.5,
01243,22369,1,C2.21,0.0,ACSR,Raven,34.75,0.5,
01243,22369,2,C2.21,0.0,ACSR,Raven,33.583333333333336,0.5,
01243,22369,3,C2.21,0.0,ACSR,Raven,30.5,0.5,
