StudyPoleTag,PoleTag,PoleNumber,Assembly,AssemblyHeight,ConductorType,ConductorName,Height,TAmb,TRise,GMR,DCOhmsCalc,ACOhmsCalc,GMRCalc,OhmsCalc,CurrentCalc,LineType,AB,BC,CA,AN,BN,CN,Span,Z0real,Z0imag,Z1real,Z1imag
01243,22350,0,C1.11,0.0,ACSR,Merlin,,25,50,0.022,0.0509,0.0623,0.022,0.32894399999999996,497.24775548255974,3.0,3.681787005729087,3.681787005729087,0.8333333333333334,5.252644836439808,2.755045875802757,5.480394349152461,0.056818181818181816,0.046625013335977614,0.11766312709021473,0.02018760231272608,0.03385834472461123
01243,22350,1,C1.11,0.0,ACSR,Merlin,,25,50,0.022,0.0509,0.0623,0.022,0.32894399999999996,497.24775548255974,,,,,,,,0.056818181818181816,,,,
01243,22350,2,C1.11,0.0,ACSR,Merlin,,25,50,0.022,0.0509,0.0623,0.022,0.32894399999999996,497.24775548255974,,,,,,,,0.056818181818181816,,,,
01243,22350,3,C1.11,0.0,ACSR,Penguin,,25,50,0.0101,0.0793,0.116,0.0101,0.61248,296.75589515548324,,,,,,,,0.056818181818181816,,,,
01243,22369,0,C1.11,0.0,ACSR,Merlin,,25,50,0.022,0.0509,0.0623,0.022,0.32894399999999996,497.24775548255974,3.0,3.681787005729087,3.681787005729087,0.8333333333333334,5.252644836439808,2.755045875802757,5.480394349152461,0.056818181818181816,0.046625013335977614,0.11766312709021473,0.02018760231272608,0.03385834472461123
01243,22369,1,C1.11,0.0,ACSR,Merlin,,25,50,0.022,0.0509,0.0623,0.022,0.32894399999999996,497.24775548255974,,,,,,,,0.056818181818181816,,,,
01243,22369,2,C1.11,0.0,ACSR,Merlin,,25,50,0.022,0.0509,0.0623,0.022,0.32894399999999996,497.24775548255974,,,,,,,,0.056818181818181816,,,,
01243,22369,3,C1.11,0.0,ACSR,Penguin,,25,50,0.0101,0.0793,0.116,0.0101,0.61248,296.75589515548324,,,,,,,,0.056818181818181816,,,,
