StudyPoleTag,PoleTag,PoleNumber,PoleHeight,PoleClass,MapX,MapY,PoleSpecies,GradeHeight,NeutralHeight,NormX,NormY,Span,NormAngle,PoleCt,PoleCb,PoleCg,Mrn,Mbn,Mr,Mb,Mbx,Mby,Mtx,Mty,Mgx,Mgy,Mtcx,Mtcy,Mcgx,Mcgy,Mcmax,Mcwsx,Mcwsy,Mccwsx,Mccwsy,Mex,Mey,Mgndx,Mgndy,Mcgndx,Mcgndy,MtMapX,MtMapY,MgMapX,MgMapY,MgndMapX,MgndMapY,McgndMapX,McgndMapY
01243,01243,0,40.0,3.0,0.0,0.0,southernyellowpine,34.0,30.5,0.0,0.0,,,23.0,36.0,36.0,98537.47200000001,3771.6538413917356,83756.8512,6600.394222435537,4.0415758288081817e-13,6600.394222435537,-918.3293015362578,26297.51047591629,,,,,,,138.34231250000005,8.460706015729914e-13,13817.381503990517,,,,,-918.3293015362566,46715.286202342344,0.0,0.0,-0.4591646507681289,13.148755237958145,,,-0.4591646507681283,23.35764310117117,0.0,0.0
