StudyPoleTag,PoleTag,PoleNumber,Assembly,AssemblyHeight,ConductorType,ConductorName,Height,DesignTension,Tension,Mcn,Mc,Mcmax,Mcmaxws,Mcmaxx,Mcmaxy,Mcws,Mcwsx,Mcwsy,Mtx,Mty,Span,NormAngle
01243,22350,0,C2.21,0.0,ACSR,Raven,33.583333333333336,0.5,2190.0,10.024625,17.54309375,17.54309375,1754.309375,-3.2226140412119156e-13,-1754.309375,1754.309375,1.0742046804039719e-13,1754.309375,-95611.75,1.1709062359837695e-11,200.0,3.141592653589793
01243,22350,1,C2.21,0.0,ACSR,Raven,34.75,0.5,2190.0,10.372874999999999,18.15253125,18.15253125,1815.253125,-3.3345658937602203e-13,-1815.253125,1815.253125,1.11152196458674e-13,1815.253125,-98933.25,1.2115828794174487e-11,200.0,3.141592653589793
01243,22350,2,C2.21,0.0,ACSR,Raven,33.583333333333336,0.5,2190.0,10.024625,17.54309375,17.54309375,1754.309375,-3.2226140412119156e-13,-1754.309375,1754.309375,1.0742046804039719e-13,1754.309375,-95611.75,1.1709062359837695e-11,200.0,3.141592653589793
01243,22350,3,C2.21,0.0,ACSR,Raven,30.5,0.5,2190.0,9.10425,15.9324375,15.9324375,1593.24375,-2.9267412880485387e-13,-1593.24375,1593.24375,9.75580429349513e-14,1593.24375,-86833.5,1.063403678337617e-11,200.0,3.141592653589793
01243,22369,0,C2.21,0.0,ACSR,Raven,33.583333333333336,0.5,2190.0,10.024625,17.500359655337807,17.54309375,1754.3093749999998,-122.3744358562604,1750.0359655337807,1750.0359655337804,1.071587971791846e-13,1750.0359655337804,95378.84458242977,6669.538528504875,199.99999999999997,0.0698131700797732
01243,22369,1,C2.21,0.0,ACSR,Raven,34.75,0.5,2190.0,10.372874999999999,18.108312596218028,18.15253125,1815.2531249999997,-126.62565695300394,1810.8312596218027,1810.8312596218025,1.108814352945905e-13,1810.8312596218025,98692.25357536777,6901.234656045986,199.99999999999997,0.0698131700797732
01243,22369,2,C2.21,0.0,ACSR,Raven,33.583333333333336,0.5,2190.0,10.024625,17.500359655337807,17.54309375,1754.3093749999998,-122.3744358562604,1750.0359655337807,1750.0359655337804,1.071587971791846e-13,1750.0359655337804,95378.84458242977,6669.538528504875,199.99999999999997,0.0698131700797732
01243,22369,3,C2.21,0.0,ACSR,Raven,30.5,0.5,2190.0,9.10425,15.893626883011509,15.9324375,1593.2437499999999,-111.13906581486677,1589.3626883011507,1589.3626883011507,9.732039644561184e-14,1589.3626883011507,86621.97795823646,6057.198762860507,199.99999999999997,0.0698131700797732
