StudyPoleTag,PoleTag,PoleNumber,PoleHeight,PoleClass,MapX,MapY,PoleSpecies,GradeHeight,NeutralHeight,NormX,NormY,Span,NormAngle,PoleCt,PoleCb,PoleCg,Mrn,Mbn,Mr,Mb,Mbx,Mby,Mtx,Mty,Mgx,Mgy,Mtcx,Mtcy,Mcgx,Mcgy,Mcmax,Mcwsx,Mcwsy,Mccwsx,Mccwsy,Mex,Mey,Mgndx,Mgndy,Mcgndx,Mcgndy,MtMapX,MtMapY,MgMapX,MgMapY,MgndMapX,MgndMapY,McgndMapX,McgndMapY
01243,22350,1,40.0,3.0,-200.0,0.0,southernyellowpine,34.0,,-200.0,0.0,200.0,3.141592653589793,23.0,36.0,36.0,98537.47200000001,3771.6538413917356,83756.8512,6600.394222435537,4.0415758288081817e-13,6600.394222435537,,,,,,,,,,,,,,,,,,,,,,,,,,,
01243,22369,2,40.0,3.0,199.51281005196483,13.951294748825061,southernyellowpine,34.0,,199.51281005196483,13.951294748825061,199.99999999999997,0.0698131700797732,23.0,36.0,36.0,98537.47200000001,3771.6538413917356,83756.8512,6600.394222435537,4.0415758288081817e-13,6600.394222435537,,,,,,,,,,,,,,,,,,,,,,,,,,,
