StudyPoleTag,PoleTag,PoleNumber,Assembly,AssemblyHeight,ConductorType,ConductorName,Height,DesignTension,Tension,Mcn,Mc,Mcmax,Mcmaxws,Mcmaxx,Mcmaxy,Mcws,Mcwsx,Mcwsy,Mtx,Mty,Span,NormAngle
01243,22350,0,C1.11,0.0,ACSR,Merlin,38.083333333333336,0.6,5208.0,21.377444444444446,,47.03037777777779,7054.556666666668,,,,,,,,300.0,
01243,22350,1,C1.11,0.0,ACSR,Merlin,39.25,0.6,5208.0,22.032333333333334,,48.47113333333334,7270.670000000001,,,,,,,,300.0,
01243,22350,2,C1.11,0.0,ACSR,Merlin,38.083333333333336,0.6,5208.0,21.377444444444446,,47.03037777777779,7054.556666666668,,,,,,,,300.0,
01243,22350,3,C1.11,0.0,ACSR,Penguin,35.0,0.6,5010.0,18.235,,40.117000000000004,6017.550000000001,,,,,,,,300.0,
01243,22369,0,C1.11,0.0,ACSR,Merlin,38.083333333333336,0.6,5208.0,21.377444444444446,,47.03037777777779,7054.556666666668,,,,,,,,300.0,
01243,22369,1,C1.11,0.0,ACSR,Merlin,39.25,0.6,5208.0,22.032333333333334,,48.47113333333334,7270.670000000001,,,,,,,,300.0,
01243,22369,2,C1.11,0.0,ACSR,Merlin,38.083333333333336,0.6,5208.0,21.377444444444446,,47.03037777777779,7054.556666666668,,,,,,,,300.0,
01243,22369,3,C1.11,0.0,ACSR,Penguin,35.0,0.6,5010.0,18.235,,40.117000000000004,6017.550000000001,,,,,,,,300.0,
