StudyPoleTag,PoleTag,PoleNumber,Assembly,AssemblyHeight,ConductorType,ConductorName,Height,DesignTension,Tension,Mcn,Mc,Mcmax,Mcmaxws,Mcmaxx,Mcmaxy,Mcws,Mcwsx,Mcwsy,Mtx,Mty,Span,NormAngle
01243,22350,0,C1.11,0.0,ACSR,Merlin,38.083333333333336,0.6,5208.0,21.377444444444446,47.03037777777779,47.03037777777779,7054.556666666668,-1.2959010361855435e-12,-7054.556666666668,7054.556666666668,4.3196701206184784e-13,7054.556666666668,-257839.40000000002,3.157621959040741e-11,300.0,3.141592653589793
01243,22350,1,C1.11,0.0,ACSR,Merlin,39.25,0.6,5208.0,22.032333333333334,48.47113333333334,48.47113333333334,7270.670000000001,-1.3356004114735031e-12,-7270.670000000001,7270.670000000001,4.452001371578344e-13,7270.670000000001,-265738.2,3.254354360411792e-11,300.0,3.141592653589793
01243,22350,2,C1.11,0.0,ACSR,Merlin,38.083333333333336,0.6,5208.0,21.377444444444446,47.03037777777779,47.03037777777779,7054.556666666668,-1.2959010361855435e-12,-7054.556666666668,7054.556666666668,4.3196701206184784e-13,7054.556666666668,-257839.40000000002,3.157621959040741e-11,300.0,3.141592653589793
01243,22350,3,C1.11,0.0,ACSR,Penguin,35.0,0.6,5010.0,18.235,40.117000000000004,40.117000000000004,6017.550000000001,-1.1054060019313734e-12,-6017.550000000001,6017.550000000001,3.6846866731045783e-13,6017.550000000001,-227955.0,2.7916436109963494e-11,300.0,3.141592653589793
01243,22369,0,C1.11,0.0,ACSR,Merlin,38.083333333333336,0.6,5208.0,21.377444444444446,47.03037777777779,47.03037777777779,7054.556666666668,4.3196701206184784e-13,7054.556666666668,7054.556666666668,4.3196701206184784e-13,7054.556666666668,257839.40000000002,0.0,300.0,0.0
01243,22369,1,C1.11,0.0,ACSR,Merlin,39.25,0.6,5208.0,22.032333333333334,48.47113333333334,48.47113333333334,7270.670000000001,4.452001371578344e-13,7270.670000000001,7270.670000000001,4.452001371578344e-13,7270.670000000001,265738.2,0.0,300.0,0.0
01243,22369,2,C1.11,0.0,ACSR,Merlin,38.083333333333336,0.6,5208.0,21.377444444444446,47.03037777777779,47.03037777777779,7054.556666666668,4.3196701206184784e-13,7054.556666666668,7054.556666666668,4.3196701206184784e-13,7054.556666666668,257839.40000000002,0.0,300.0,0.0
01243,22369,3,C1.11,0.0,ACSR,Penguin,35.0,0.6,5010.0,18.235,40.117000000000004,40.117000000000004,6017.550000000001,3.6846866731045783e-13,6017.550000000001,6017.550000000001,3.6846866731045783e-13,6017.550000000001,227955.0,0.0,300.0,0.0
